สตรีมมิ่ง,|สตรีมมิ่ง|
ชลิกา,|ชลิกา|
เทียนอันเหมิน,เทียนอัน|เหมิน|
วิลิศมาหรา,|วิลิศมาหรา|
แฮมเบอเกอร์,|แฮมเบอเกอร์|
กรุยกราย,|กรุย|กราย
คุกรุ่น,|คุกรุ่น|
กาสาวพัสตร์,|กาสาวพัสตร์|
เฉียดกราย,|เฉียดกราย|
แคธเธอรีน,|แคธเธอรีน|
ทรชน,|ทรชน|
แวมไพร์ทไวไลท์,แวมไพร์|ทไวไลท์|
อรทัย,|อรทัย|
พอปอัป,|พอปอัป|
จารชน,|จารชน|
มฤตยู,|มฤตยู|
แสยะ,|แสยะ|
เหวอะหวะ,|เหวอะหวะ|
โอ้มายก็อต,โอ้มาย|ก็อต|
เหิมเกริม,|เหิมเกริม|
พยักเพยิด,|พยักเพยิด|
ล่อกแล่ก,|ล่อกแล่ก|
สารถี,|สารถี|
ไม่สำเร็จหร๊อก,ไม่สำเร็จ|หร๊อก|
คร่อก,|คร่อก|
บ้วนหยู,บ้วน|หยู|
แฉ๊ก,|แฉ๊ก|
โขยกเขยก,|โขยกเขยก|
ทิชชู่,|ทิชชู่|
จักรยาน,|จักรยาน|
พระราชบิดา,|พระราชบิดา|
เพจเจอร์,|เพจเจอร์|
ทศกัณฐ์,|ทศกัณฐ์|
ว่านอสูรกาย,|ว่าน|อสูรกาย
ภูติผี,|ภูติ|ผี
คณนา,|คณนา|
กามสูตร,|กามสูตร|
ราชบริพาร,|ราชบริพาร|
ยุพราช,|ยุพราช|
กเฬวราก,|กเฬวราก|
บุญญฤทธิ์,|บุญญฤทธิ์|
ศตวรรษ,|ศตวรรษ|
โง่งม,|โง่|งม
แนบอก,|แนบ|อก
ธรณี,|ธรณี|
ฆาตกร,|ฆาตกร|
ขอบอกขอบใจ,ขอบ|อก|ขอบ|ใจ
ปริจเฉทญาณ,|ปริจเฉทญาณ|
ญาติโกโหติกา,|ญาติโกโหติกา|
มารศรี,|มารศรี|
หนอม,|หนอม|
คลับคล้ายคลับคลา,|คลับคล้ายคลับคลา|
ฌอนน์,|ฌอนน์|
ปิกนิก,|ปิกนิก|
พลาสติก,|พลาสติก|
ตั๊กแตน,|ตั๊กแตน|
โลกทรรศน์,|โลกทรรศน์|
แดนเซอร์,|แดนเซอร์|
มหัศจรรย์,|มหัศจรรย์|
สมถ,|สมถ|
กรรมฐาน,|กรรมฐาน|
ฮวา,|ฮวา|
ด่อกแด่ก,|ด่อกแด่ก|
หมูกรอบ,|หมูกรอบ|
เหมย,|เหมย|
ปลอบอกปลอบใจ,|ปลอบอกปลอบใจ|
โหลยโท่ย,|โหลยโท่ย|
โหลยโถ้ย,|โหลยโถ้ย|
ฉีเยว่,|ฉีเยว่|
กลยุทธ์,|กลยุทธ์|
หลินอวี้,|หลินอวี้|
ชิงเฟย,|ชิงเฟย|
,
